tic_id,target_name,sector_or_product,event_time_btjd,depth_ppm,local_snr,duration_hours,fwhm_hours,ingress_duration_hours,egress_duration_hours,egress_ingress_ratio,skewness,kurtosis,delta_chi2_asym,n_points_window,edge_event,single_point_like,detector_version,n_lc_points
12377940,HR 9102,TIC 12377940,1378.1077781484776,1339.9720191955566,3.672372672267701,0.16666504719978548,0.13008696436190803,0.09999903278367128,0.0666660144161142,0.6666665922692805,-0.41246240356209235,0.21665681754039756,2.892292665065156,675,False,False,phase3_v1,18297
229012143,HD 203,TIC 229012143,1366.32740824016,801.6526699066162,3.963977919851635,0.13333552717449493,0.1140975768739736,0.03333387900238449,0.10000164817211044,3.0000003349432256,-0.25423594767933494,-0.012945043617431207,37.073222287371436,682,False,False,phase3_v1,18290
