pair_id,sample_role,tic_id,target_name,sector_or_product,event_time_btjd,depth_ppm,local_snr,duration_hours,fwhm_hours,ingress_duration_hours,egress_duration_hours,egress_ingress_ratio,skewness,kurtosis,delta_chi2_asym,n_points_window,edge_event,single_point_like,detector_version,n_lc_points
0,target,12377940,HR 9102,TIC 12377940,1378.1077781484776,1339.9720191955566,3.672372672267701,0.16666504719978548,0.13008696436190803,0.09999903278367128,0.0666660144161142,0.6666665922692805,-0.41246240356209235,0.21665681754039756,2.892292665065156,675,False,False,phase3_v1,18297
0,control,428612809,TIC 428612809,TIC 428612809,2887.246604441321,835.2994918823242,3.5508315188974473,0.0666673283885757,0.03941275179022341,0.03333366421065875,0.033333664177916944,0.9999999990177555,-0.10146106623743066,0.16136995034688573,-23.961776658686404,719,False,False,phase3_v1,19474
3,target,229012143,HD 203,TIC 229012143,1366.32740824016,801.6526699066162,3.963977919851635,0.13333552717449493,0.1140975768739736,0.03333387900238449,0.10000164817211044,3.0000003349432256,-0.25423594767933494,-0.012945043617431207,37.073222287371436,682,False,False,phase3_v1,18290
23,control,115598451,TIC 115598451,TIC 115598451,1766.0781212210566,14594.674110412598,35.662806820108,9.000103911201222,8.375147062683027,0.5000060096699599,8.500097901531262,16.99999147438636,-3.813044155514491,13.870495342854458,-224.9420819946829,32,False,False,phase3_v1,1111
24,target,381003375,HD 15115,TIC 381003375,1430.4110312935995,1275.9268283843994,3.647003395487683,0.09999812685600773,0.06473330527296639,0.03333270521397935,0.06666542164202838,2.0000003364284296,-0.07541935688016352,0.19515600155357893,-99.23885319156807,714,False,False,phase3_v1,14848
